BIN LOCATION,SKU
A6-S1-B1,4MSS3143-05-XL
A6-S1-B1,4MCR1007-03-L
A6-S1-B1,4MSS1698-02-S
A6-S1-B1,4MCR1007-02-M
A6-S1-B1,4MSS1108-01-XL
A6-S1-B1,4MCR1007-01-S
A6-S1-B1,4MSS2193-05-XL
A6-S1-B1,4MCR1007-05-M
A6-S1-B1,4MSS2193-05-XL
A6-S1-B1,4MSS1842-04-S
A6-S1-B1,4MSS3062-03-M
A6-S1-B1,4MCR1007-01-S
A6-S1-B1,4MSS3062-03-XL
A6-S1-B1,4MCR1007-05-M
A6-S1-B1,4MSS1698-02-S
A6-S1-B1,4MSS2193-06-M
A6-S1-B2,4MSS2263-01-XL
A6-S1-B2,4MSS2263-01-XL
A6-S1-B2,4MSS2369-06-M
A6-S1-B2,4MSS2193-04-M
A6-S1-B2,4MSS2007-01-M
A6-S1-B2,4MSS2007-01-M
A6-S1-B2,4MSS3062-03-XL
A6-S1-B2,4MSS3062-03-M
A6-S1-B2,4MSS3143-05-XL
A6-S1-B2,4MSS3143-06-XL
A6-S1-B2,4MCR1007-03-L
A6-S1-B2,4MSS2369-06-M
A6-S1-B2,4MCR1007-02-M
A6-S1-B2,4MSS3143-06-XL
A6-S1-B2,4MSS2193-06-M
A6-S1-B2,4MSS1108-01-XL
A6-S1-B2,4MSS2193-04-M
A6-S1-B3,4MSR5079-05-38
A6-S1-B3,4MSC4015-03-36
A6-S1-B3,4MSR5201-05-32
A6-S1-B3,4MSR5079-05-38
A6-S1-B3,4MSC4015-03-36
A6-S1-B3,4MSR5201-05-32
A6-S1-B3,4MSO4581-01-34
A6-S1-B3,4MSO4581-01-34
A6-S1-B4,4MST2287-02-M
A6-S1-B4,4MST2068-04-L
A6-S1-B4,4MST2068-04-L
A6-S1-B4,4MST2287-02-XXL
A6-S1-B4,4MST2287-02-M
A6-S1-B4,4MST2287-02-XXL
A6-S1-B4,4MST2660-01-M
A6-S1-B4,4MST0226-01-M
A6-S1-B4,4MST2073-01-S
A6-S1-B4,4MST2660-01-XL
A6-S1-B5,4MST0226-01-M
A6-S1-B5,4MST2061-01-XL
A6-S1-B5,4MST2073-01-XL
A6-S1-B5,4MST2073-01-XL
A6-S1-B5,4MST2076-02-XL
A6-S1-B5,4MST2660-01-M
A6-S1-B5,4MST2660-01-XL
A6-S1-B5,4MST2061-01-XL
A6-S1-B5,4MST2073-01-S
A6-S1-B5,4MST2076-02-XL
A6-S1-B6,4MST2572-06-M
A6-S1-B6,4MST2572-06-XXL
A6-S1-B6,4MST2683-08-XS
A6-S1-B6,4MST2683-08-XXL
A6-S1-B6,4MST2683-08-XXL
A6-S1-B6,4MST2683-08-XL
A6-S1-B6,4MST2683-08-L
A6-S1-B6,4MST2683-08-XL
A6-S1-B6,4MST2683-08-M
A6-S1-B6,4MST2683-08-M
A6-S1-B6,4MST2572-06-L
A6-S1-B6,4MST2572-06-L
A6-S1-B6,4MST2572-06-XXL
A6-S1-B6,4MST2572-06-M
A6-S1-B6,4MST2572-06-XL
A6-S1-B6,4MST2572-06-XL
A6-S1-B6,4MST2683-08-S
A6-S1-B6,4MST2683-08-XS
A6-S1-B6,4MST2683-08-L
A6-S1-B6,4MST2683-08-S
A6-S2-B1,4MSS3773-01-M
A6-S2-B1,4MSS1389-02-S
A6-S2-B1,4MSS3773-01-L
A6-S2-B1,4MSS3773-01-S
A6-S2-B1,4MSS3773-01-L
A6-S2-B1,4MSS1842-06-L
A6-S2-B1,4MSS1842-06-M
A6-S2-B1,4MSS1842-06-M
A6-S2-B1,4MSS1842-06-L
A6-S2-B1,4MSS1842-06-S
A6-S2-B2,4MSS3698-03-XS
A6-S2-B2,4MSS3698-03-XS
A6-S2-B2,4MSS3698-03-M
A6-S2-B2,4MSN1310-05-SHIRT-XL
A6-S2-B2,4MSN1310-05-SHIRT-L
A6-S2-B2,4MCR1005-03-XS
A6-S2-B2,4MCR1005-03-XXL
A6-S2-B2,4MCR1005-03-XXL
A6-S2-B2,4MCR1005-03-M
A6-S2-B2,4MCR1005-03-XL
A6-S2-B3,4MSS3773-01-XS
A6-S2-B3,4MSN1310-05-SHIRT-XXL
A6-S2-B3,4MSS3773-01-XL
A6-S2-B3,4MSS3773-01-XS
A6-S2-B3,4MSS3773-01-S
A6-S2-B3,4MSS2263-02-L
A6-S2-B3,4MSS3698-03-XXL
A6-S2-B3,4MSS3698-03-L
A6-S2-B3,4MSS3698-03-XL
A6-S2-B3,4MSS3698-03-S
A6-S2-B4,4MSS3773-01-M
A6-S2-B4,4MSN1310-05-SHIRT-S
A6-S2-B4,4MSS2263-02-L
A6-S2-B4,4MSS2263-02-M
A6-S2-B4,4MSS3773-01-XL
A6-S2-B4,4MSS2369-06-L
A6-S2-B4,4MSS2263-02-M
A6-S2-B4,4MSS2369-06-L
A6-S2-B4,4MSS3698-03-XL
A6-S2-B4,4MSS3698-03-L
A6-S2-B5,4MCR1005-03-XL
A6-S2-B5,4MCR1005-03-S
A6-S2-B5,4MCR1005-03-L
A6-S2-B5,4MCR1005-03-XS
A6-S2-B5,4MCR1005-03-L
A6-S2-B5,4MSN1310-05-SHIRT-M
A6-S2-B5,4MSN1310-05-SHIRT-M
A6-S2-B5,4MSN1310-05-SHIRT-S
A6-S2-B5,4MSN1310-05-SHIRT-XXL
A6-S2-B5,4MSN1310-05-SHIRT-L
A6-S2-B6,4MSS3951-02-S
A6-S2-B6,4MSS3951-02-M
A6-S2-B6,4MSS3951-02-L
A6-S2-B6,4MSS3951-02-XS
A6-S2-B6,4MSS3951-02-M
A6-S2-B6,4MCR1005-02-XL
A6-S2-B6,4MCR1005-02-L
A6-S2-B6,4MCR1005-02-S
A6-S2-B6,4MCR1005-02-M
A6-S2-B6,4MCR1005-02-XXL
A6-S2-B7,4MOS1002-09-L
A6-S2-B7,4MOS1002-09-S
A6-S2-B7,4MOS1002-09-XS
A6-S2-B7,4MOS1002-09-S
A6-S2-B7,4MSS1842-06-S
A6-S2-B7,4MCR1005-03-M
A6-S2-B7,4MSS3698-03-S
A6-S2-B7,4MSS3698-03-M
A6-S2-B7,4MSS3698-03-XXL
A6-S2-B7,4MSS1389-02-S
A6-S2-B8,4MSS3951-02-L
A6-S2-B8,4MSS3951-02-XL
A6-S2-B8,4MSS3951-02-XS
A6-S2-B8,4MSS3951-02-XL
A6-S2-B8,4MSS3951-02-S
A6-S2-B8,4MCR1005-02-XXL
A6-S2-B8,4MCR1005-02-M
A6-S2-B8,4MCR1005-02-S
A6-S2-B8,4MCR1005-02-XS
A6-S2-B8,4MCR1005-02-L
A6-S2-B9,4MCR1005-02-XL
A6-S2-B9,4MOS1002-09-M
A6-S2-B9,4MOS1002-09-M
A6-S2-B9,4MOS1002-09-L
A6-S2-B9,4MOS1002-09-XS
A6-S2-B10,4MSS3979-07-XS
A6-S2-B10,4MSS3979-07-XXL
A6-S2-B10,4MSS3979-07-S
A6-S2-B10,4MSS3979-07-XS
A6-S2-B10,4MSS3979-07-M
A6-S2-B10,4MSS3979-07-L
A6-S2-B10,4MSS3979-07-XL
A6-S2-B10,4MSS3979-07-XXL
A6-S2-B10,4MSS3979-07-M
A6-S2-B10,4MSS3979-07-S
A6-S2-B11,4MSS3897-03-XS
A6-S2-B11,4MSS3897-03-M
A6-S2-B11,4MSS3897-03-L
A6-S2-B11,4MSS3897-03-XS
A6-S2-B11,4MSS3897-03-L
A6-S2-B11,4MSS3897-03-XL
A6-S2-B11,4MSS3897-03-XL
A6-S2-B11,4MSS3897-03-XXL
A6-S2-B11,4MSS3897-03-XXL
A6-S2-B11,4MSS3897-03-M
A6-S2-B12,4MSR5201-05-34
A6-S2-B12,4MSR5201-05-38
A6-S2-B12,4MSR5201-05-36
A6-S2-B12,4MSR5201-05-36
A6-S2-B12,4MSR5201-05-34
A6-S2-B12,4MSR5201-05-38
A6-S2-B12,4MSS3979-07-L
A6-S3-B1,4C-SO0021-03-34
A6-S3-B1,4C-SO0021-03-38
A6-S3-B1,4C-SO0021-03-34
A6-S3-B1,4C-SO0021-03-32
A6-S3-B1,4C-SO0021-03-36
A6-S3-B1,4C-SO0021-03-36
A6-S3-B1,4C-SO0021-03-30
A6-S3-B1,4C-SO0021-03-32
A6-S3-B1,4C-SO0021-03-30
A6-S3-B1,4C-SO0021-03-38
A6-S3-B1,4C-SO0019-02-32
A6-S3-B1,4C-SO0019-02-34
A6-S3-B1,4C-SO0019-02-32
A6-S3-B1,4C-SO0019-02-36
A6-S3-B1,4C-SO0019-02-34
A6-S3-B2,4C-SO0019-02-35
A6-S3-B2,4C-SJ0003-01-34
A6-S3-B2,4C-SJ0003-01-38
A6-S3-B2,4C-SJ0003-01-30
A6-S3-B2,4C-SJ0003-01-30
A6-S3-B2,4C-SJ0003-01-38
A6-S3-B2,4C-SJ0003-01-34
A6-S3-B2,4C-SJ0003-01-36
A6-S3-B2,4C-SJ0003-01-36
A6-S3-B2,4C-SJ0003-01-32
A6-S3-B2,4C-SO0019-02-36
A6-S3-B2,4C-SO0019-02-38
A6-S3-B2,4C-SO0019-02-38
A6-S3-B3,4MSD3615-01-36
A6-S3-B3,4MSD3615-01-30
A6-S3-B3,4MSD3615-01-36
A6-S3-B3,4MSD3615-01-34
A6-S3-B3,4MSD3615-01-32
A6-S3-B3,4MSD3582-02-32
A6-S3-B3,4MSD3582-02-34
A6-S3-B3,4MSD3615-01-30
A6-S3-B3,4MSD3582-02-34
A6-S3-B3,4MSD3582-02-32
A6-S3-B4,4MSD3615-01-34
A6-S3-B4,4MSD3615-01-32
A6-S3-B4,4MSD3919-03-36
A6-S3-B4,4MSD3919-03-30
A6-S3-B4,4MSD3919-03-30
A6-S3-B4,4MSD3919-03-32
A6-S3-B4,4MSD3919-03-36
A6-S3-B4,4MSD3919-03-34
A6-S3-B4,4MSD3919-03-32
A6-S3-B4,4MSD3919-03-34
A6-S3-B5,4MSD3924-02-30
A6-S3-B5,4MSD3942-03-36
A6-S3-B5,4MSD3942-01-34
A6-S3-B5,4MSD3942-01-38
A6-S3-B5,4MSD3942-01-32
A6-S3-B5,4MSD3942-01-30
A6-S3-B5,4MSD3947-03-32
A6-S3-B5,4MSD3924-02-38
A6-S3-B5,4MSD3921-02-32
A6-S3-B5,4MSD3942-01-30
A6-S3-B6,4MSD3921-02-36
A6-S3-B6,4MSD3947-03-34
A6-S3-B6,4MSD3921-02-38
A6-S3-B6,4MSD3947-03-34
A6-S3-B6,4MSD3921-02-32
A6-S3-B6,4MSD3947-03-30
A6-S3-B6,4MSD3924-02-30
A6-S3-B6,4MSD3942-03-34
A6-S3-B6,4MSD3942-01-38
A6-S3-B6,4MSD3942-03-32
A6-S3-B7,4MSD3947-03-38
A6-S3-B7,4MSD3947-03-30
A6-S3-B7,4MSD3921-02-30
A6-S3-B7,4MSD3921-02-38
A6-S3-B7,4MSD3942-01-34
A6-S3-B7,4MSD3924-02-36
A6-S3-B7,4MSD3924-02-34
A6-S3-B7,4MSD3942-03-38
A6-S3-B7,4MSD3942-01-32
A6-S3-B7,4MSD3947-03-38
A6-S3-B7,4MSD3942-03-32
A6-S3-B7,4MSD3921-02-30
A6-S3-B8,4MSD3947-03-36
A6-S3-B8,4MSD3942-03-36
A6-S3-B8,4MSD3924-02-38
A6-S3-B8,4MSD3947-03-32
A6-S3-B8,4MSD3921-02-36
A6-S3-B8,4MSD3942-03-34
A6-S3-B8,4MSD3942-03-38
A6-S3-B8,4MSD3924-02-36
A6-S3-B8,4MSD3947-03-36
A6-S3-B8,4MSD3942-03-30
A6-S3-B8,4MSD3942-03-30
A6-S3-B8,4MSD3924-02-34
A6-S3-B9,4MSO4622-01-32
A6-S3-B9,4MSO4622-01-30
A6-S3-B9,4MSO4622-01-36
A6-S3-B9,4MSO4622-01-34
A6-S3-B9,4MSO4622-01-38
A6-S3-B9,4MSO4622-01-38
A6-S3-B9,4MSO4622-01-32
A6-S3-B9,4MSO4622-01-36
A6-S3-B9,4MSO4622-01-30
A6-S3-B9,4MSO4622-01-28
A6-S3-B9,4MSO4622-01-28
A6-S3-B9,4MSO4622-01-34
A6-S3-B10,4MCR1007-02-XXL
A6-S3-B10,4MSS1842-05-M
A6-S3-B10,4MCR1007-02-L
A6-S3-B10,4MSS2759-01-S
A6-S3-B10,4MSS1842-05-M
A6-S3-B10,4MCR1007-02-XXL
A6-S3-B10,4MCR1007-02-XL
A6-S3-B10,4MSS4050-06-XS
A6-S3-B10,4MCR1007-02-L
A6-S3-B10,4MSS3143-04-L
A6-S3-B11,4MCR1007-01-M
A6-S3-B11,4MSS4050-06-L
A6-S3-B11,4MSS4050-06-L
A6-S3-B11,4MCR1007-01-L
A6-S3-B11,4MSS2759-01-S
A6-S3-B11,4MSS1725-02-XXL
A6-S3-B11,4MSS3143-04-L
A6-S3-B11,4MCR1007-01-M
A6-S3-B11,4MCR1007-01-L
A6-S3-B11,4MCR1007-02-XL
A6-S3-B11,4MSS4050-06-XS
A6-S3-B12,4MSC4015-03-30
A6-S3-B12,4MSC4015-03-32
A6-S3-B12,4MSR5102-01-30
A6-S3-B12,4MSC4015-03-32
A6-S3-B12,4MSR5102-02-30
A6-S3-B12,4MSD3695-02-34
A6-S3-B12,4MSD3695-02-34
A6-S3-B12,4MSD3695-03-32
A6-S3-B12,4MST2068-04-S
A6-S3-B12,4MST2080-03-L
A6-S3-B12,4MST2068-04-S
A6-S3-B12,4MST2021-11-L
A6-S3-B12,4MST0217-01-XXL
A6-S4-B1,4MSS2759-02-S
A6-S4-B1,4MSS2725-05-XXL
A6-S4-B1,4MSS2725-05-L
A6-S4-B1,4MSS3143-05-L
A6-S4-B1,4MSS1725-02-S
A6-S4-B1,4MCR1007-05-L
A6-S4-B1,4MCR1007-05-XS
A6-S4-B1,4MSS3143-04-M
A6-S4-B1,4MCR1007-01-XL
A6-S4-B1,4MCR1007-05-XS
A6-S4-B2,4MSS4050-06-XL
A6-S4-B2,4MCR1007-05-XS
A6-S4-B2,4MSS4050-06-XL
A6-S4-B2,4MSS1725-01-S
A6-S4-B2,4MSS1725-01-S
A6-S4-B2,4MSS2725-05-L
A6-S4-B2,4MCR1007-05-L
A6-S4-B2,4MSS2725-01-XXL
A6-S4-B2,4MSS3294-02-XXL
A6-S4-B2,4MCR1007-01-XL
A6-S4-B3,4MCR1007-06-XL
A6-S4-B3,4MSS3143-04-M
A6-S4-B3,4MST2287-02-L
A6-S4-B3,4MSS3143-05-M
A6-S4-B3,4MSS3143-05-M
A6-S4-B3,4MST2331-02-M
A6-S4-B3,4MST2331-02-M
A6-S4-B3,4MSR5089-07-36
A6-S4-B3,4MSR5102-06-32
A6-S4-B3,4MSS2193-02-S
A6-S4-B3,4MSR5102-06-32
A6-S4-B4,4MSS2725-05-XXL
A6-S4-B4,4MSS2469-03-L
A6-S4-B4,4MSS2469-02-XXL
A6-S4-B4,4MSS2469-02-XXL
A6-S4-B4,4MSS3103-01-L
A6-S4-B4,4MSS3103-01-M
A6-S4-B4,4MSS3103-01-XXL
A6-S4-B4,4MSS3387-02-L
A6-S4-B4,4MSS3103-01-L
A6-S4-B4,4MSS2263-02-XL
A6-S4-B5,4MSS1835-01-XL
A6-S4-B5,4MSS2193-02-XL
A6-S4-B5,4MSS3916-03-M
A6-S4-B5,4MSS3143-06-L
A6-S4-B5,4MSS3103-01-XXL
A6-S4-B5,4MSS2469-01-XXL
A6-S4-B5,4MSS1835-03-XXL
A6-S4-B5,4MSS1835-03-XXL
A6-S4-B5,4MSS3916-03-M
A6-S4-B5,4MSS2193-02-XXL
A6-S4-B6,4MSS2193-02-S
A6-S4-B6,4MSS2469-01-XL
A6-S4-B6,4MSS3143-06-L
A6-S4-B6,4MSS2335-03-XL
A6-S4-B6,4MSS3387-08-S
A6-S4-B6,4MSS2193-06-L
A6-S4-B6,4MSS4005-01-M
A6-S4-B6,4MSS4005-01-M
A6-S4-B6,4MSS2193-02-S
A6-S4-B6,4MSS2725-01-XL
A6-S4-B7,4MSS2469-01-XL
A6-S4-B7,4MSS2193-05-L
A6-S4-B7,4MSS2193-06-L
A6-S4-B7,4MSS2193-04-XXL
A6-S4-B7,4MSS3387-08-S
A6-S4-B7,4MSS3387-02-M
A6-S4-B7,4MSS2193-05-L
A6-S4-B7,4MSS3103-01-M
A6-S4-B7,4MSS3387-02-L
A6-S4-B7,4MSS2469-01-XXL
A6-S4-B8,4MSS2469-03-L
A6-S4-B8,4MSS2193-02-XL
A6-S4-B8,4MSS2469-03-M
A6-S4-B8,4MSS3974-02-XXL
A6-S4-B8,4MSS1835-01-XL
A6-S4-B8,4MSS3974-02-XXL
A6-S4-B8,4MSD4024-03-30
A6-S4-B8,4MSD3739-01-38
A6-S4-B8,4MSD3695-02-30
A6-S4-B8,4MSD3659-01-36
A6-S4-B9,4MSD3659-01-36
A6-S4-B9,4MSD3695-02-30
A6-S4-B9,4MSD4024-03-30
A6-S4-B9,4MSD3739-01-38
A6-S4-B9,4MSD3637-01-30
A6-S4-B9,4MSD3659-01-34
A6-S4-B9,4MSD3637-01-30
A6-S4-B9,4MSD3659-01-34
A6-S4-B9,4MSD3819-01-38
A6-S4-B9,4MSD3819-01-38
A6-S4-B10,4MST2331-03-M
A6-S4-B10,4MST2499-01-M
A6-S4-B10,4MSS2725-01-XXL
A6-S4-B10,4MSS2193-02-XXL
A6-S4-B10,4MSS2263-02-XL
A6-S4-B10,4MSO4569-02-32
A6-S4-B10,4MSO4566-04-30
A6-S4-B10,4MSO4665-02-30
A6-S4-B10,4MSR5162-01-34
A6-S4-B10,4MSR5162-01-34
A6-S4-B11,4MSO4569-02-32
A6-S4-B11,4MSO4569-02-34
A6-S4-B11,4MSO4569-02-34
A6-S4-B11,4MSR5316-06-28
A6-S4-B11,4MSC4023-02-38
A6-S4-B11,4MSR5102-04-30
A6-S4-B11,4MSR5089-07-36
A6-S4-B11,4MST2020-02-L
A6-S4-B11,4MST0217-01-S
A6-S4-B11,4MST2020-02-L
A6-S4-B12,4MSO4581-01-30
A6-S4-B12,4MSO4581-01-30
A6-S4-B12,4MST2499-01-L
A6-S4-B12,4MST2331-03-L
A6-S4-B12,4MST2331-03-L
A6-S4-B12,4MSO4566-04-30
A6-S4-B12,4MST0217-01-S
A6-S4-B12,4MST2020-02-M
A6-S4-B12,4MST2020-02-XXL
A6-S4-B12,4MST2020-02-M
A6-S5-B1,4MSD3695-02-36
A6-S5-B1,4MSD3695-02-36
A6-S5-B1,4MSD3659-01-38
A6-S5-B1,4MSD3659-01-38
A6-S5-B1,4MSD3695-03-32
A6-S5-B1,4MSD3695-03-34
A6-S5-B1,4MSD3695-03-34
A6-S5-B2,4MSR5162-02-32
A6-S5-B2,4MSR5162-02-34
A6-S5-B2,4MSR5162-02-32
A6-S5-B2,4MSR5316-01-32
A6-S5-B2,4MSR5316-01-32
A6-S5-B2,4MSR5162-02-34
A6-S5-B2,4MSR5079-05-32
A6-S5-B2,4MSR5079-05-32
A6-S5-B2,4MSR5162-01-38
A6-S5-B2,4MSR5162-01-38
A6-S5-B3,4MSO4569-02-38
A6-S5-B3,4MSO4569-02-38
A6-S5-B3,4MSO4593-04-38
A6-S5-B3,4MSO4593-04-36
A6-S5-B3,4MSO4593-04-36
A6-S5-B3,4MSO4593-04-38
A6-S5-B3,4MST2242-04-XL
A6-S5-B3,4MST2242-04-XXL
A6-S5-B3,4MST2242-04-XL
A6-S5-B3,4MST2242-04-XXL
A6-S5-B4,4MSS2676-01-L
A6-S5-B4,4MSS3916-03-S
A6-S5-B4,4MSS2676-01-XL
A6-S5-B4,4MSS2193-03-L
A6-S5-B4,4MSS2193-01-S
A6-S5-B4,4MSS2193-01-S
A6-S5-B4,4MSS2193-05-XXL
A6-S5-B4,4MSS1835-01-XXL
A6-S5-B4,4MSS2676-01-XL
A6-S5-B4,4MSS2007-01-L
A6-S5-B4,4MSS1842-04-XXL
A6-S5-B4,4MSS1842-04-XXL
A6-S5-B4,4MSS1842-06-XXL
A6-S5-B4,4MSS1842-06-XXL
A6-S5-B5,4MSS1842-06-XL
A6-S5-B5,4MSS1842-06-XL
A6-S5-B5,4MSS1725-02-XXL
A6-S5-B5,4MSS3916-03-S
A6-S5-B5,4MSS2676-01-L
A6-S5-B5,4MSS3143-09-XXL
A6-S5-B5,4MSS2725-01-S
A6-S5-B5,4MSS2725-01-S
A6-S5-B5,4MSS1835-01-XXL
A6-S5-B5,4MSS2193-05-XXL
A6-S5-B5,4MSS2007-01-L
A6-S5-B6,4MSS2335-02-L
A6-S5-B6,4MSS2469-01-S
A6-S5-B6,4MSS3103-01-S
A6-S5-B6,4MSS2335-02-L
A6-S5-B6,4MSS3468-04-S
A6-S5-B6,4MSS1108-01-M
A6-S5-B6,4MSS3103-01-S
A6-S5-B6,4MSS3468-04-S
A6-S5-B6,4MSS1221-03-XL
A6-S5-B6,4MSS1221-03-XL
A6-S5-B7,4MSS1698-02-L
A6-S5-B7,4MSS4021-04-XL
A6-S5-B7,4MSS1698-02-M
A6-S5-B7,4MSS3974-02-XS
A6-S5-B7,4MSS1698-02-L
A6-S5-B7,4MSS1698-02-XL
A6-S5-B7,4MSS4021-04-XL
A6-S5-B7,4MSS4021-04-S
A6-S5-B7,4MSS1108-01-L
A6-S5-B7,4MSS1108-01-L
A6-S5-B7,4MSS1108-01-M
A6-S5-B7,4MSS2469-01-S
A6-S5-B8,4MCR1005-04-XL
A6-S5-B8,4MSS1698-02-XL
A6-S5-B8,4MCR1005-07-M
A6-S5-B8,4MSS1698-02-M
A6-S5-B8,4MSS3062-08-S
A6-S5-B8,4MSS3974-02-S
A6-S5-B8,4MSS3974-02-XS
A6-S5-B8,4MSS2469-02-S
A6-S5-B8,4MSS2469-02-S
A6-S5-B8,4MSS4021-04-S
A6-S5-B9,4MCR1005-04-XL
A6-S5-B9,4MCR1005-04-S
A6-S5-B9,4MSS3062-08-S
A6-S5-B9,4MCR1005-07-L
A6-S5-B9,4MCR1005-07-M
A6-S5-B9,4MCR1005-04-S
A6-S5-B9,4MSS3974-02-S
A6-S5-B9,4MCR1005-07-L
A6-S5-B9,4MSS3143-09-XXL
A6-S5-B10,4MSO4564-04-34
A6-S5-B10,4MSO4665-02-30
A6-S5-B10,4MSO4535-02-30
A6-S5-B10,4MSO4566-04-32
A6-S5-B10,4MSO4564-04-34
A6-S5-B10,4MSO4564-01-38
A6-S5-B10,4MSO4564-01-38
A6-S5-B10,4MSO4535-02-30
A6-S5-B10,4MSO4564-04-36
A6-S5-B10,4MSO4566-04-32
A6-S5-B10,4MSO4564-04-36
A6-S5-B11,4MTP0045-01-32
A6-S5-B11,4MTP0045-01-34
A6-S5-B11,4MTP0045-01-34
A6-S5-B11,4MTP0045-04-30
A6-S5-B11,4MTP0045-01-32
A6-S5-B11,4MTP0045-04-30
A6-S5-B11,4MSS2625-01-L
A6-S5-B11,4MSS2335-03-XL
A6-S5-B11,4MSS2625-01-L
A6-S5-B11,4MSS4021-03-XL
A6-S5-B11,4MCR1005-01-M
A6-S5-B11,4MSS3468-03-XXL
A6-S5-B11,4MSS4021-03-XL
A6-S5-B12,4MSR5081-04-32
A6-S5-B12,4MSR5195-03-30
A6-S5-B12,4MSC4023-02-38
A6-S5-B12,4MSC4023-02-36
A6-S5-B12,4MSR5102-01-36
A6-S5-B12,4MSC4023-02-36
A6-S5-B12,4MSC4015-03-34
A6-S5-B12,4MSR5081-04-32
A6-S5-B12,4MSR5102-01-36
A6-S5-B12,4MSR5102-04-30
A7-S5-B12,4MSR5081-03-38
A7-S5-B12,4MSR5102-04-32
A7-S5-B12,4MSR5102-04-32
A7-S5-B12,4MSR5081-03-36
A7-S5-B12,4MSR5081-03-38
A7-S5-B12,4MSC4015-03-34
A7-S5-B12,4MSR5081-03-36
A7-S5-B12,4MSR5195-03-30
A7-S5-B12,4MSR5081-01-38
A7-S5-B12,4MSR5089-07-34
A7-S5-B12,4MSR5089-07-34
A7-S5-B11,4MST2051-05-S
A7-S5-B11,4MST2051-05-S
A7-S5-B11,4MST0217-05-XL
A7-S5-B11,4MST2073-01-L
A7-S5-B11,4MST0217-09-XL
A7-S5-B11,4MST2036-01-L
A7-S5-B11,4MST2036-01-L
A7-S5-B11,4MST2036-01-M
A7-S5-B11,4MST2375-01-M
A7-S5-B11,4MST2379-01-L
A7-S5-B11,4MST2275-05-XXL
A7-S5-B11,4MST2683-10-S
A7-S5-B11,4MST0217-09-XL
A7-S5-B10,4MST2450-05-XL
A7-S5-B10,4MST2520-02-XL
A7-S5-B10,4MST2080-01-L
A7-S5-B10,4MST2379-01-L
A7-S5-B10,4MST0217-05-XL
A7-S5-B10,4MST2379-01-M
A7-S5-B10,4MST2331-03-M
A7-S5-B10,4MST2020-01-XL
A7-S5-B10,4MST2683-10-S
A7-S5-B10,4MST2379-01-M
A7-S5-B10,4MST2520-02-XL
A7-S5-B10,4MST2080-01-L
A7-S5-B10,4MST2020-01-XL
A7-S5-B9,4MST2450-02-XXL
A7-S5-B9,4MST2036-01-M
A7-S5-B9,4MST2073-01-L
A7-S5-B9,4MST2075-01-M
A7-S5-B9,4MST2075-01-M
A7-S5-B9,4MST2080-01-M
A7-S5-B9,4MST2707-08-XXL
A7-S5-B9,4MST2673-02-XL
A7-S5-B9,4MST2707-08-XXL
A7-S5-B9,4MST2450-05-XXL
A7-S5-B8,4MST2330-02-M
A7-S5-B8,4MST2673-02-XL
A7-S5-B8,4MST2330-02-M
A7-S5-B8,4MST2375-01-M
A7-S5-B8,4MST2275-05-XXL
A7-S5-B8,4MST2450-02-XXL
A7-S5-B8,4MST2450-05-XL
A7-S5-B8,4MST2450-05-XXL
A7-S5-B8,4MST0217-09-XXL
A7-S5-B7,4MTP0045-04-28
A7-S5-B7,4MTP0045-04-28
A7-S5-B7,4MTP0045-01-36
A7-S5-B7,4MTP0045-01-38
A7-S5-B7,4MTP0045-01-38
A7-S5-B7,4MTP0045-01-28
A7-S5-B7,4MTP0045-01-36
A7-S5-B7,4MTP0045-01-28
A7-S5-B7,4MSS2335-02-XL
A7-S5-B7,4MSS4021-03-S
A7-S5-B6,4MSO4564-04-38
A7-S5-B6,4MSO4665-02-34
A7-S5-B6,4MSO4535-02-32
A7-S5-B6,4MSO4535-02-32
A7-S5-B6,4MSO4564-04-38
A7-S5-B6,4MSO4665-02-32
A7-S5-B6,4MSO4665-02-32
A7-S5-B6,4MSO4564-01-36
A7-S5-B5,4MSR5102-04-36
A7-S5-B5,4MSR5102-04-34
A7-S5-B5,4MSR5102-04-34
A7-S5-B5,4MSR5102-04-36
A7-S5-B5,4MSO4564-01-36
A7-S5-B5,4MSO4564-01-34
A7-S5-B5,4MSO4665-02-34
A7-S5-B5,4MSO4564-01-34
A7-S5-B4,4MSR5081-03-34
A7-S5-B4,4MSC4023-02-34
A7-S5-B4,4MSR5195-03-28
A7-S5-B4,4MSR5081-04-30
A7-S5-B4,4MSC4015-03-30
A7-S5-B4,4MSC4015-03-30
A7-S5-B4,4MSR5081-04-30
A7-S5-B4,4MSR5081-03-34
A7-S5-B3,4MST2375-01-S
A7-S5-B3,4MST2531-01-M
A7-S5-B3,4MST2287-02-S
A7-S5-B3,4MST2228-01-XXL
A7-S5-B3,4MST2228-01-XXL
A7-S5-B3,4MST2531-01-L
A7-S5-B3,4MST2520-02-M
A7-S5-B3,4MST2571-05-L
A7-S5-B3,4MST2574-04-M
A7-S5-B3,4MST2520-02-M
A7-S5-B3,4MST2073-01-M
A7-S5-B3,4MST2287-02-S
A7-S5-B3,4MST0217-09-S
A7-S5-B3,4MST2375-01-S
A7-S5-B3,4MST0226-01-L
A7-S5-B3,4MST2061-01-L
A7-S5-B3,4MST2061-01-L
A7-S5-B3,4MST2571-05-L
A7-S5-B3,4MST2683-10-M
A7-S5-B2,4MST2683-10-L
A7-S5-B2,4MST2574-04-XS
A7-S5-B2,4MST2574-04-M
A7-S5-B2,4MST2061-01-M
A7-S5-B2,4MST2076-02-L
A7-S5-B2,4MST2574-04-XS
A7-S5-B2,4MST0217-05-L
A7-S5-B2,4MST2020-01-L
A7-S5-B2,4MST2574-06-XL
A7-S5-B2,4MST2379-01-XL
A7-S5-B2,4MST2683-10-L
A7-S5-B2,4MST2574-06-L
A7-S5-B2,4MST2574-06-XL
A7-S5-B2,4MST2073-01-M
A7-S5-B2,4MST2379-01-XL
A7-S5-B1,4MST0217-05-L
A7-S5-B1,4MST2520-02-L
A7-S5-B1,4MST0217-09-S
A7-S5-B1,4MST2520-02-L
A7-S5-B1,4MST2574-06-L
A7-S5-B1,4MST2707-08-XL
A7-S5-B1,4MST2076-02-L
A7-S5-B1,4MST2707-08-XL
A7-S5-B1,4MST2660-01-L
A7-S5-B1,4MST2571-05-M
A7-S5-B1,4MST2571-05-M
A7-S5-B1,4MST2531-01-XXL
A7-S5-B1,4MST2531-01-XXL
A7-S4-B12,4MSC4023-02-32
A7-S4-B12,4MSR5081-03-32
A7-S4-B12,4MSR5290-01-30
A7-S4-B12,4MSR5290-01-32
A7-S4-B12,4MSC4023-02-34
A7-S4-B12,4MSR5290-01-32
A7-S4-B12,4MSR5195-03-28
A7-S4-B12,4MSC4023-02-32
A7-S4-B12,4MSR5290-01-30
A7-S4-B12,4MSR5081-03-32
A7-S4-B11,4MSS2193-03-M
A7-S4-B11,4MLX1004-12-XL
A7-S4-B11,4MSS2193-03-M
A7-S4-B11,4MLX1004-12-S
A7-S4-B11,4MSS2469-03-XXL
A7-S4-B11,4MSS2193-04-L
A7-S4-B11,4MSS4005-01-S
A7-S4-B11,4MSS4005-01-S
A7-S4-B11,4MSS2193-03-L
A7-S4-B11,4MCR1004-03-XXL
A7-S4-B10,4MST2531-01-M
A7-S4-B10,4MST2771-02-XL
A7-S4-B10,4MST2771-02-XL
A7-S4-B10,4MST2375-01-XXL
A7-S4-B10,4MST2499-01-XXL
A7-S4-B10,4MST2331-01-XXL
A7-S4-B10,4MST2331-03-XL
A7-S4-B10,4MST2080-03-M
A7-S4-B10,4MST2080-03-M
A7-S4-B10,4MST2331-03-XL
A7-S4-B9,4MSO4569-02-36
A7-S4-B9,4MSO4569-02-36
A7-S4-B9,4MSR5081-02-38
A7-S4-B9,4MSR5316-01-30
A7-S4-B9,4MSR5316-01-30
A7-S4-B9,4MSR5102-01-32
A7-S4-B9,4MSR5102-02-32
A7-S4-B9,4MSR5102-02-30
A7-S4-B9,4MSR5102-02-32
A7-S4-B9,4MSR5102-01-30
A7-S4-B9,4MSR5102-01-32
A7-S4-B9,4MSR5081-02-38
A7-S4-B8,4MST2331-01-XXL
A7-S4-B8,4MST2375-01-XXL
A7-S4-B8,4MST2771-02-L
A7-S4-B8,4MST2771-02-L
A7-S4-B8,4MST2020-01-L
A7-S4-B8,4MST2683-10-M
A7-S4-B8,4MST0217-01-XXL
A7-S4-B8,4MST2020-02-XL
A7-S4-B8,4MST2021-11-M
A7-S4-B8,4MST2021-11-L
A7-S4-B8,4MST2061-01-M
A7-S4-B8,4MST0226-01-L
A7-S4-B8,4MST2020-02-XL
A7-S4-B7,4MST2499-01-XXL
A7-S4-B7,4MST2660-01-L
A7-S4-B7,4MST2080-03-L
A7-S4-B7,4MST2021-11-M
A7-S4-B7,4MST2020-01-M
A7-S4-B7,4MST2020-01-M
A7-S4-B7,4MST2531-01-L
A7-S4-B7,4MSS3027-05-S
A7-S4-B7,4MSS2193-04-L
A7-S4-B7,4MSS3027-05-S
A7-S4-B7,4MCR1004-03-XXL
A7-S4-B7,4MSS3468-04-XL
A7-S4-B7,4MSS3468-04-L
A7-S4-B6,4MSS2625-03-L
A7-S4-B6,4MSS2625-01-M
A7-S4-B6,4MSS2625-01-M
A7-S4-B6,4MSS2625-03-XL
A7-S4-B6,4MSS2625-03-L
A7-S4-B6,4MSS2625-03-XL
A7-S4-B6,4MCR1005-01-XXL
A7-S4-B6,4MSS3294-02-M
A7-S4-B6,4MSS3294-02-M
A7-S4-B5,4MCR1005-01-XXL
A7-S4-B5,4MSS4021-03-S
A7-S4-B5,4MLX1004-12-S
A7-S4-B5,4MLX1004-12-XL
A7-S4-B5,4MSS2335-02-XL
A7-S4-B5,4MSS3468-02-XS
A7-S4-B5,4MSS3468-02-XS
A7-S4-B5,4MSS3468-04-XL
A7-S4-B5,4MSS3468-04-L
A7-S4-B5,4MSS2469-03-XXL
A7-S4-B4,4MSD3667-06-32
A7-S4-B4,4MSD3639-01-32
A7-S4-B4,4MSD3639-01-34
A7-S4-B4,4MSD3667-06-32
A7-S4-B4,4MSD3667-06-30
A7-S4-B4,4MSD3639-01-34
A7-S4-B4,4MSD3667-06-30
A7-S4-B4,4MSD3639-01-32
A7-S4-B3,4MSS1725-02-M
A7-S4-B3,4MCR1007-06-L
A7-S4-B3,4MCR1007-06-L
A7-S4-B3,4MSS1725-01-XL
A7-S4-B3,4MSS1725-02-M
A7-S4-B3,4MCR1007-02-XS
A7-S4-B3,4MCR1007-03-XL
A7-S4-B3,4MCR1007-03-XL
A7-S4-B3,4MSS4050-06-XXL
A7-S4-B3,4MSS4050-06-XXL
A7-S4-B2,4MCR1007-02-XS
A7-S4-B2,4MSS1725-01-XL
A7-S4-B2,4MSS1108-01-S
A7-S4-B2,4MSS1108-01-S
A7-S4-B2,4MSS3468-03-L
A7-S4-B2,4MSS3143-04-S
A7-S4-B2,4MSS3143-06-M
A7-S4-B2,4MSS2469-03-XL
A7-S4-B2,4MST2228-01-L
A7-S4-B2,4MST2707-08-XS
A7-S4-B1,4MSR5316-06-36
A7-S4-B1,4MSR5316-06-34
A7-S4-B1,4MSR5316-06-34
A7-S4-B1,4MTP0019-04-36
A7-S4-B1,4MSR5316-06-36
A7-S4-B1,4MSR5102-02-38
A7-S4-B1,4MST2331-01-XL
A7-S4-B1,4MST2331-02-XL
A7-S4-B1,4MST2080-01-S
A7-S4-B1,4MST2068-04-M
A7-S4-B1,4MST0217-01-M
A7-S4-B1,4MST2068-04-M
A7-S3-B12,4MSS2759-02-L
A7-S3-B12,4MSS1221-03-M
A7-S3-B12,4MSS4050-06-S
A7-S3-B12,4MSS1835-02-L
A7-S3-B12,4MSS3468-03-XL
A7-S3-B12,4MSS2193-06-XL
A7-S3-B12,4MSS1835-01-L
A7-S3-B12,4MSS2193-06-S
A7-S3-B12,4MSS3143-04-XL
A7-S3-B12,4MSS1389-02-M
A7-S3-B12,4MSS1842-05-XL
A7-S3-B11,4MSS1725-02-S
A7-S3-B11,4MSS3027-05-XXL
A7-S3-B11,4MSS2469-02-L
A7-S3-B11,4MCR1005-01-M
A7-S3-B11,4MSS2759-02-S
A7-S3-B11,4MSS3143-06-XXL
A7-S3-B11,4MSS2193-05-M
A7-S3-B11,4MSS4021-03-XXL
A7-S3-B11,4MCR1007-06-XL
A7-S3-B11,4MSS2725-05-M
A7-S3-B11,4MSS4005-01-L
A7-S3-B10,4MCR1005-01-XS
A7-S3-B10,4MSS3027-05-XXL
A7-S3-B10,4MSS3916-01-S
A7-S3-B10,4MSS3143-06-XXL
A7-S3-B10,4MSS3143-09-S
A7-S3-B10,4MCR1005-01-L
A7-S3-B10,4MSS3294-02-L
A7-S3-B10,4MSS3468-02-XXL
A7-S3-B10,4MSS4021-03-XXL
A7-S3-B10,4MSS2725-01-XL
A7-S3-B10,4MSS2469-02-L
A7-S3-B9,4MSS2193-03-XXL
A7-S3-B9,4MSS2193-03-S
A7-S3-B9,4MSS4005-01-L
A7-S3-B9,4MSS4005-01-XS
A7-S3-B9,4MST2771-02-XXL
A7-S3-B9,4MST2771-02-XXL
A7-S3-B9,4MST2499-01-L
A7-S3-B9,4MST2080-01-M
A7-S3-B9,4MST2499-01-M
A7-S3-B9,4MST0217-09-XXL
A7-S3-B9,4MST2020-02-XXL
A7-S3-B8,4MSS2193-04-XXL
A7-S3-B8,4MSS2007-01-XXL
A7-S3-B8,4MSS3387-02-M
A7-S3-B8,4MSS2676-01-M
A7-S3-B8,4MSS2007-01-XXL
A7-S3-B8,4MSS1216-06-XXL
A7-S3-B8,4MSS3468-04-XXL
A7-S3-B8,4MSS3294-02-L
A7-S3-B8,4MSS3027-05-XL
A7-S3-B8,4MLX1004-12-XXL
A7-S3-B8,4MSS2676-01-M
A7-S3-B7,4MSS2193-03-S
A7-S3-B7,4MSS2759-01-XXL
A7-S3-B7,4MLX1004-12-XXL
A7-S3-B7,4MSS2193-05-M
A7-S3-B7,4MSS3062-08-XL
A7-S3-B7,4MSS3468-04-XXL
A7-S3-B7,4MSS3294-02-XXL
A7-S3-B7,4MSS2759-02-XXL
A7-S3-B7,4MSS2759-01-XXL
A7-S3-B7,4MSS2193-01-XXL
A7-S3-B7,4MSS2193-01-XXL
A7-S3-B6,4MST2287-02-L
A7-S3-B6,4MSS3062-08-XL
A7-S3-B6,4MSS3143-09-S
A7-S3-B6,4MSS1216-06-XXL
A7-S3-B6,4MSS2725-05-M
A7-S3-B6,4MCR1005-01-L
A7-S3-B6,4MSS3468-02-XXL
A7-S3-B6,4MSS3027-05-XL
A7-S3-B6,4MSS4005-01-XS
A7-S3-B6,4MSS2193-03-XXL
A7-S3-B6,4MCR1005-01-XS
A7-S3-B5,4MSS3916-01-S
A7-S3-B5,4MSS3143-05-L
A7-S3-B5,4MCR1005-07-XL
A7-S3-B5,4MSS2759-02-XXL
A7-S3-B5,4MSS3468-03-XXL
A7-S3-B5,4MCR1005-07-XL
A7-S3-B5,4MTP0019-04-32
A7-S3-B5,4MSD3739-01-36
A7-S3-B5,4MSD3739-01-36
A7-S3-B5,4MTP0019-04-32
A7-S3-B5,4MSR5102-01-34
A7-S3-B4,4MSR5162-01-36
A7-S3-B4,4MSR5162-02-30
A7-S3-B4,4MSR5102-01-34
A7-S3-B4,4MSR5102-06-34
A7-S3-B4,4MSR5316-06-28
A7-S3-B4,4MSR5081-04-34
A7-S3-B4,4MSR5162-02-30
A7-S3-B4,4MSR5162-01-36
A7-S3-B4,4MSR5081-04-34
A7-S3-B4,4MSR5081-01-36
A7-S3-B4,4MSR5081-01-38
A7-S3-B4,4MSR5102-06-34
A7-S3-B4,4MSR5081-01-36
A7-S3-B3,4MST2571-05-XL
A7-S3-B3,4MST2036-01-S
A7-S3-B3,4MST2683-10-XXL
A7-S3-B3,4MST2330-02-S
A7-S3-B3,4MST2520-02-XXL
A7-S3-B3,4MST2450-05-L
A7-S3-B3,4MST0217-09-L
A7-S3-B3,4MST2520-02-XXL
A7-S3-B3,4MST2571-05-XXL
A7-S3-B3,4MST2330-02-XL
A7-S3-B3,4MST0217-01-XL
A7-S3-B3,4MST0217-01-XL
A7-S3-B2,4MST2080-03-XXL
A7-S3-B2,4MST2080-03-XXL
A7-S3-B2,4MST2771-02-XS
A7-S3-B2,4MST2771-02-XS
A7-S3-B2,4MST2571-05-XL
A7-S3-B2,4MST2275-05-L
A7-S3-B2,4MST2275-05-L
A7-S3-B2,4MST2707-08-M
A7-S3-B2,4MST0217-01-M
A7-S3-B2,4MST0218-03-L
A7-S3-B2,4MST0217-01-L
A7-S3-B2,4MST2080-01-S
A7-S3-B1,4MST2375-01-XL
A7-S3-B1,4MST2520-02-XS
A7-S3-B1,4MST2683-10-XL
A7-S3-B1,4MST2330-02-XL
A7-S3-B1,4MST2683-10-XL
A7-S3-B1,4MST0218-03-XL
A7-S3-B1,4MST2683-10-XXL
A7-S3-B1,4MST2036-01-S
A7-S3-B1,4MST2707-08-L
A7-S3-B1,4MST2707-08-L
A7-S3-B1,4MST2707-08-M
A7-S3-B1,4MST2379-01-S
A7-S3-B1,4MST2379-01-XXL
A7-S3-B1,4MST2574-04-XXL
A8-S1-S15,4MCR1004-03-L
A8-S1-S15,4MSS2193-03-XL
A8-S1-S15,4MSS3143-09-L
A8-S1-S15,4MSS3468-04-M
A8-S1-S15,4MSS2193-06-S
A8-S1-S15,4MSS1835-01-L
A8-S1-S15,4MSS2725-05-S
A8-S1-S15,4MCR1004-03-L
A8-S1-S15,4MCR1004-03-M
A8-S1-S15,4MSS3027-05-M
A8-S1-S15,4MSS2335-03-L
A8-S1-S15,4MSS2725-05-S
A8-S1-S14,4MSS2625-03-M
A8-S1-S14,4MSS2335-03-L
A8-S1-S14,4MCR1004-03-M
A8-S1-S14,4MSS3143-06-S
A8-S1-S14,4MSS2469-02-XL
A8-S1-S14,4MSS3468-04-M
A8-S1-S14,4MSS1389-02-XXL
A8-S1-S14,4MSS1389-02-M
A8-S1-S14,4MSS3027-05-M
A8-S1-S14,4MSS1389-02-XXL
A8-S1-S14,4MSS1221-03-M
A8-S1-S13,4MSO4566-04-38
A8-S1-S13,4MSO4564-01-32
A8-S1-S13,4MSO4566-04-38
A8-S1-S13,4MTP0045-04-36
A8-S1-S13,4MTP0045-04-38
A8-S1-S13,4MTP0045-04-36
A8-S1-S13,4MTP0045-04-38
A8-S1-S13,4MTP0019-04-34
A8-S1-S13,4MTP0019-04-34
A8-S1-S13,4MSO4564-01-30
A8-S1-S13,4MSO4564-01-30
A8-S1-S13,4MSO4564-01-32
A8-S1-S13,4MSO4665-02-36
A8-S1-S13,4MSO4665-02-36
A8-S1-S12,4MSR5195-03-36
A8-S1-S12,4MSR5316-01-36
A8-S1-S12,4MSR5102-04-38
A8-S1-S12,4MSR5316-01-36
A8-S1-S12,4MSR5195-03-36
A8-S1-S12,4MSR5081-03-30
A8-S1-S12,4MSR5013-03-34
A8-S1-S12,4MSR5081-03-30
A8-S1-S12,4MSR5013-03-36
A8-S1-S12,4MSR5290-01-34
A8-S1-S12,4MSR5081-02-36
A8-S1-S12,4MSR5102-04-38
A8-S1-S12,4MSR5081-02-36
A8-S1-S12,4MSR5290-01-36
A8-S1-S12,4MSR5290-01-36
A8-S1-S12,4MSR5290-01-34
A8-S1-S11,4MST2051-05-L
A8-S1-S11,4MST2021-11-S
A8-S1-S11,4MST2379-01-S
A8-S1-S11,4MST0217-09-L
A8-S1-S11,4MST2051-05-M
A8-S1-S11,4MST2379-01-XXL
A8-S1-S11,4MST2673-02-XXL
A8-S1-S11,4MST2051-05-M
A8-S1-S11,4MST2571-05-XXL
A8-S1-S11,4MST2673-02-XXL
A8-S1-S11,4MST2021-11-S
A8-S1-S11,4MST2051-05-L
A8-S1-S11,4MST2520-02-XS
A8-S1-S11,4MST2450-05-L
A8-S1-S11,4MST2330-02-S
A8-S1-S11,4MST0218-03-XL
A8-S1-S11,4MST2574-04-L
A8-S1-S11,4MST2574-04-L
A8-S1-S11,4MST2574-04-XXL
A8-S1-S10,4MSS2193-01-M
A8-S1-S10,4MCR1005-01-XL
A8-S1-S10,4MSS1835-01-M
A8-S1-S10,4MSS3468-03-XL
A8-S1-S10,4MSS2469-02-XL
A8-S1-S10,4MSS3974-02-L
A8-S1-S10,4MSS2469-03-S
A8-S1-S10,4MCR1005-04-L
A8-S1-S10,4MSS3143-09-L
A8-S1-S10,4MSS1216-06-M
A8-S1-S10,4MSS3974-02-M
A8-S1-S9,4MCR1005-04-L
A8-S1-S9,4MSS3143-09-M
A8-S1-S9,4MSS2759-01-M
A8-S1-S9,4MSS3143-05-S
A8-S1-S9,4MSS4005-01-XL
A8-S1-S9,4MSS3027-05-L
A8-S1-S9,4MSS3143-09-M
A8-S1-S9,4MSS3974-02-L
A8-S1-S9,4MSS2193-03-XL
A8-S1-S9,4MSS2193-01-XL
A8-S1-S9,4MCR1005-04-M
A8-S1-S8,4MSS2625-01-S
A8-S1-S8,4MSS2625-01-S
A8-S1-S8,4MSS2625-03-M
A8-S1-S8,4MSS4005-01-XL
A8-S1-S8,4MSS2193-01-L
A8-S1-S8,4MSS2193-01-M
A8-S1-S8,4MSS1216-06-M
A8-S1-S8,4MSS1835-02-L
A8-S1-S8,4MCR1005-07-XS
A8-S1-S8,4MSS2193-01-XL
A8-S1-S8,4MSS3027-05-L
A8-S1-S7,4MSS2193-02-L
A8-S1-S7,4MSS2759-01-M
A8-S1-S7,4MLX1004-12-L
A8-S1-S7,4MCR1005-01-XL
A8-S1-S7,4MCR1005-01-S
A8-S1-S7,4MCR1005-01-S
A8-S1-S7,4MCR1005-04-M
A8-S1-S7,4MSS3143-05-S
A8-S1-S7,4MSS2193-06-XL
A8-S1-S7,4MLX1004-12-L
A8-S1-S7,4MSS4021-04-L
A8-S1-S6,4MSS4021-04-L
A8-S1-S6,4MSS2193-02-L
A8-S1-S6,4MSS3974-02-M
A8-S1-S6,4MSS1835-01-M
A8-S1-S6,4MSS2193-01-L
A8-S1-S6,4MSS2193-02-M
A8-S1-S6,4MSS2193-02-M
A8-S1-S6,4MSS2469-03-S
A8-S1-S6,4MSS3143-06-S
A8-S1-S6,4MSR5013-03-36
A8-S1-S6,4MSR5102-02-34
A8-S1-S6,4MSR5102-02-34
A8-S1-S6,4MSR5102-02-36
A8-S1-S5,4MSR5316-01-28
A8-S1-S5,4MSR5316-01-34
A8-S1-S5,4MSR5079-05-36
A8-S1-S5,4MSR5162-02-36
A8-S1-S5,4MSR5316-01-34
A8-S1-S5,4MSR5316-01-28
A8-S1-S5,4MSR5079-05-34
A8-S1-S5,4MSR5079-05-36
A8-S1-S5,4MSR5079-05-34
A8-S1-S5,4MSR5102-02-36
A8-S1-S5,4MSR5162-02-36
A8-S1-S5,4MSR5081-02-34
A8-S1-S4,4MST0217-01-L
A8-S1-S4,4MST2375-01-XL
A8-S1-S4,4MST2331-03-S
A8-S1-S4,4MST2499-01-XL
A8-S1-S4,4MST2499-01-XL
A8-S1-S4,4MST2331-03-S
A8-S1-S4,4MSO4516-01-30
A8-S1-S4,4MSD4024-03-36
A8-S1-S4,4MSD3639-03-36
A8-S1-S4,4MSD4024-03-38
A8-S2-S15,4MSD3639-01-30
A8-S2-S15,4MSD4024-03-36
A8-S2-S15,4MSD3639-03-36
A8-S2-S15,4MSD3639-03-34
A8-S2-S15,4MSD3695-03-30
A8-S2-S15,4MSD3819-01-32
A8-S2-S15,4MSD3819-01-32
A8-S2-S15,4MSD3639-03-34
A8-S2-S15,4MSD3695-03-30
A8-S2-S15,4MSD3639-01-30
A8-S2-S15,4MSD4024-03-38
A8-S2-S14,4MCR1007-01-XS
A8-S2-S14,4MCR1007-05-XL
A8-S2-S14,4MSS1725-01-L
A8-S2-S14,4MCR1007-05-XXL
A8-S2-S14,4MSS3294-02-S
A8-S2-S14,4MCR1007-06-XXL
A8-S2-S14,4MCR1007-06-XXL
A8-S2-S14,4MSS1725-01-XXL
A8-S2-S14,4MSS1725-02-L
A8-S2-S14,4MSS1725-02-L
A8-S2-S14,4MSS1216-06-XL
A8-S2-S14,4MCR1007-05-XXL
A8-S2-S14,4MCR1007-03-XXL
A8-S2-S14,4MCR1007-01-XS
A8-S2-S14,4MSS4050-06-M
A8-S2-S14,4MCR1007-03-XXL
A8-S2-S14,4MSS4050-06-S
A8-S2-S14,4MSS1842-05-XL
A8-S2-S14,4MSS3143-04-XL
A8-S2-S14,4MSS2759-02-L
A8-S2-S14,4MSS3103-01-XL
A8-S2-S14,4MSS3294-02-XL
A8-S3-B12,4MSS3103-01-XL
A8-S3-B12,4MSS2263-02-XXL
A8-S3-B12,4MCR1005-07-XS
A8-S3-B12,4MSS3916-03-L
A8-S3-B12,4MSS1842-05-L
A8-S3-B12,4MSS1216-06-XL
A8-S3-B12,4MSS1725-01-M
A8-S3-B12,4MSS1725-01-M
A8-S3-B12,4MSS1216-06-L
A8-S3-B12,4MSS1216-06-L
A8-S3-B12,4MSS1842-05-L
A8-S3-B11,4MSS1725-01-L
A8-S3-B11,4MSS3294-02-XL
A8-S3-B11,4MCR1007-01-XXL
A8-S3-B11,4MSS1725-02-XL
A8-S3-B11,4MSS2263-02-XXL
A8-S3-B11,4MSS1842-04-M
A8-S3-B11,4MSS2263-01-XXL
A8-S3-B11,4MSS2263-01-XXL
A8-S3-B11,4MSS3916-01-L
A8-S3-B11,4MSS3294-02-S
A8-S3-B11,4MSS4021-04-M
A8-S3-B10,4MSS4050-06-M
A8-S3-B10,4MSS1725-02-XL
A8-S3-B10,4MCR1007-05-XL
A8-S3-B10,4MSS1725-01-XXL
A8-S3-B10,4MCR1007-01-XXL
A8-S3-B10,4MSS3916-03-L
A8-S3-B10,4MSS4021-04-M
A8-S3-B10,4MSS3916-01-L
A8-S3-B10,4MSS1842-04-M
A8-S3-B10,4MSS1842-04-L
A8-S3-B10,4MSS1842-04-L
A8-S3-B10,4MST0218-03-L
A8-S3-B10,4MST2242-04-L
A8-S3-B10,4MST2242-04-L
A8-S3-B10,4MST2331-02-XL
A7-S1-B9,4MSO4581-01-38
A7-S1-B9,4MSO4581-01-36
A7-S1-B9,4MSO4581-01-38
A7-S1-B9,4MSO4593-04-34
A7-S1-B9,4MSO4581-01-36
A7-S1-B9,4MSO4593-04-34
A7-S1-B9,4MSO4593-04-32
A7-S1-B9,4MSO4593-04-32
A7-S1-B9,4MSR5316-06-30
A7-S1-B9,4MSR5013-03-34
A7-S1-B9,4MSR5081-02-34
A7-S1-B8,4MSD3637-01-36
A7-S1-B8,4MSD3695-02-38
A7-S1-B8,4MSD3695-02-38
A7-S1-B8,4MSD3667-06-34
A7-S1-B8,4MSD3667-06-34
A7-S1-B8,4MSD3637-01-38
A7-S1-B8,4MSD3637-01-38
A7-S1-B8,4MSD3637-01-36
A7-S1-B8,4MSR5316-06-30
A7-S1-B8,4MSR5162-02-38
A7-S1-B8,4MSR5162-02-38
A7-S1-B8,4MSR5316-06-32
A7-S1-B8,4MSR5316-06-32
A4-S5-B10,4MCR1005-07-XXL
A4-S5-B10,4MCR1005-07-S
A4-S5-B10,4MSS3387-08-L
A4-S5-B10,4MSS3468-02-L
A4-S5-B10,4MSS3468-02-L
A4-S5-B10,4MSS3387-08-M
A4-S5-B10,4MCR1005-07-XXL
A4-S5-B10,4MSS4021-03-M
A4-S5-B10,4MSS3387-08-L
A4-S5-B10,4MSS4021-03-L
A4-S5-B10,4MCR1005-07-XXL
A4-S5-B10,4MSS2007-01-XL
A4-S5-B9,4MSS2676-01-S
A4-S5-B9,4MSS2469-02-M
A4-S5-B9,4MSS2725-01-M
A4-S5-B9,4MSS4005-01-XXL
A4-S5-B9,4MSS2469-02-M
A4-S5-B9,4MSS2725-01-M
A4-S5-B9,4MSS1835-02-M
A4-S5-B9,4MSS4021-03-L
A4-S5-B9,4MSS2263-01-L
A4-S5-B9,4MSS2469-01-M
A4-S5-B9,4MSS1108-01-XXL
A4-S5-B9,4MSS2263-01-M
A4-S5-B8,4MSS1698-02-XXL
A4-S5-B8,4MSS3387-02-XXL
A4-S5-B8,4MSS2335-02-XXL
A4-S5-B8,4MSS3387-02-XXL
A4-S5-B8,4MSS2676-01-S
A4-S5-B8,4MSS2263-01-L
A4-S5-B8,4MSS2193-04-XL
A4-S5-B8,4MSS2193-04-S
A4-S5-B8,4MSS2193-04-XL
A4-S5-B8,4MSS2193-04-S
A4-S5-B8,4MSS2007-01-XL
A4-S5-B8,4MCR1005-07-S
A4-S5-B7,4MSS2263-01-M
A4-S5-B7,4MSS2725-01-L
A4-S5-B7,4MSS1698-02-XXL
A4-S5-B7,4MSS4005-01-XXL
A4-S5-B7,4MSS3387-08-M
A4-S5-B7,4MSS1842-05-XXL
A4-S5-B7,4MSS3143-06-M
A4-S5-B7,4MSS1835-02-M
A4-S5-B7,4MSS1842-05-XXL
A4-S5-B7,4MSS1842-04-XL
A4-S5-B7,4MST0217-05-S
A4-S5-B7,4MST2574-06-M
A4-S5-B6,4MST2574-06-M
A4-S5-B6,4MST2574-06-XS
A4-S5-B6,4MST2061-01-S
A4-S5-B6,4MST2450-02-M
A4-S5-B6,4MST2450-02-M
A4-S5-B6,4MST2076-02-M
A4-S5-B6,4MST2520-02-S
A4-S5-B6,4MST2076-02-M
A4-S5-B6,4MST2375-01-L
A4-S5-B6,4MST2375-01-L
A4-S5-B6,4MST2683-10-XS
A4-S5-B6,4MST2574-06-XS
A4-S5-B6,4MST2330-02-XXL
A4-S5-B6,4MST2020-01-XXL
A4-S5-B6,4MST0217-05-XXL
A4-S5-B5,4MST2020-01-XXL
A4-S5-B5,4MST2020-01-S
A4-S5-B5,4MST0217-09-M
A4-S5-B5,4MST2075-01-L
A4-S5-B5,4MST2075-01-L
A4-S5-B5,4MST0218-03-XXL
A4-S5-B5,4MST0217-05-S
A4-S5-B5,4MST2080-03-S
A4-S5-B5,4MST2660-01-XXL
A4-S5-B5,4MST2330-02-XXL
A4-S5-B5,4MST2574-06-XXL
A4-S5-B5,4MST2061-01-S
A4-S5-B5,4MST2075-01-XL
A4-S5-B5,4MST2574-04-XL
A4-S5-B5,4MST0226-01-S
A4-S5-B4,4MST2574-04-XL
A4-S5-B4,4MST2331-01-M
A4-S5-B4,4MST2331-01-M
A4-S5-B4,4MST2673-02-M
A4-S5-B4,4MST0218-03-XXL
A4-S5-B4,4MST2080-03-S
A4-S5-B4,4MST2673-02-M
A4-S5-B4,4MST2520-02-S
A4-S5-B4,4MST2020-01-S
A4-S5-B4,4MST0217-05-XXL
A4-S5-B4,4MST2660-01-XXL
A4-S5-B4,4MST2574-06-XXL
A4-S5-B4,4MST2075-01-XL
A4-S5-B4,4MST2683-10-XS
A4-S5-B4,4MST0217-09-M
A4-S5-B4,4MST2331-01-L
A4-S5-B4,4MST2331-01-L
A4-S5-B4,4MST0226-01-S
A3-S4-B9,4MSD3695-02-32
A3-S4-B9,4MSD3582-02-30
A3-S4-B9,4MSD3637-01-34
A3-S4-B9,4MSD3637-01-34
A3-S4-B9,4MSD3739-01-34
A3-S4-B9,4MSD3637-01-32
A3-S4-B9,4MSD3739-01-34
A3-S4-B9,4MSD3637-01-32
A3-S4-B9,4MSD3695-02-32
A3-S4-B9,4MSD3582-02-30
A3-S4-B8,4MSD3695-03-36
A3-S4-B8,4MSD3695-03-36
A3-S4-B8,4MSR5162-01-32
A3-S4-B8,4MSR5162-01-32
A3-S4-B8,4MSR5162-01-32
A3-S4-B8,4MSO4581-01-32
A8-S2-B4,4MSS3143-04-S
A8-S2-B4,4MSS3974-02-XL
A8-S2-B4,4MSS3062-08-L
A8-S2-B4,4MCR1005-04-XXL
A8-S2-B4,4MCR1005-04-XS
A8-S2-B4,4MSS2469-01-L
A8-S2-B4,4MSS1835-03-L
A8-S2-B4,4MSS1835-02-XXL
A8-S2-B4,4MSS1835-03-L
A8-S2-B4,4MSS3468-04-XS
A8-S2-B4,4MSS1842-04-XL
A8-S2-B4,4MSS2725-01-L
A8-S2-B4,4MSS3468-02-XL
A8-S2-B5,4MSS2335-02-XXL
A8-S2-B5,4MSS1835-03-M
A8-S2-B5,4MSS3143-09-XL
A8-S2-B5,4MSS4021-04-XXL
A8-S2-B5,4MSS3916-01-M
A8-S2-B5,4MSS3916-01-M
A8-S2-B5,4MSS3062-03-S
A8-S2-B5,4MSS1216-06-S
A8-S2-B5,4MSS3974-02-XL
A8-S2-B5,4MLX1004-12-M
A8-S2-B5,4MCR1005-04-XS
A8-S2-B5,4MCR1005-04-XXL
A8-S2-B6      ,4MSS1221-03-L
A8-S2-B6      ,4MLX1004-12-XS
A8-S2-B6      ,4MLX1004-12-XS
A8-S2-B6      ,4MSS3062-08-L
A8-S2-B6      ,4MLX1004-12-M
A8-S2-B6      ,4MSS2193-06-XXL
A8-S2-B6      ,4MSS2193-06-XXL
A8-S2-B6      ,4MSS2369-06-XXL
A8-S2-B6      ,4MSS3062-03-S
A8-S2-B6      ,4MSS3468-04-XS
A8-S2-B6      ,4MSS1216-06-S
A8-S2-B6      ,4MSS4021-04-XXL
A8-S2-B7     ,4MSS2469-01-M
A8-S2-B7     ,4MSS2369-06-XL
A8-S2-B7     ,4MSS2369-06-XXL
A8-S2-B7     ,4MSS2369-06-XL
A8-S2-B7     ,4MSS1835-02-XXL
A8-S2-B7     ,4MSS3143-09-XL
A8-S2-B7     ,4MSS2469-01-L
A8-S2-B7     ,4MSS1221-03-L
A8-S2-B7     ,4MSS3468-02-XL
A8-S2-B7     ,4MSS1835-03-M
A8-S2-B7     ,4MSS1108-01-XXL
A8-S2-B7     ,4MSS1835-03-XL
A8-S2-B8,4MSD3639-01-36
A8-S2-B8,4MSD3639-03-30
A8-S2-B8,4MSD3639-03-32
A8-S2-B8,4MSD3639-03-30
A8-S2-B8,4MSD4024-03-32
A8-S2-B8,4MSD4024-03-34
A8-S2-B8,4MST2228-01-XL
A8-S2-B8,4MST2021-11-XL
A8-S2-B8,4MST2331-03-XXL
A8-S2-B8,4MST2331-03-XXL
A8-S2-B9,4MSD3639-01-36
A8-S2-B9,4MSO4569-02-30
A8-S2-B9,4MSO4569-02-30
A8-S2-B9,4MSD4024-03-34
A8-S2-B9,4MSD4024-03-32
A8-S2-B9,4MSD3819-01-34
A8-S2-B9,4MSD3639-03-32
A8-S2-B9,4MSD3819-01-34
A8-S2-B9,4MSD3819-01-36
A8-S2-B9,4MSD3819-01-36
A8-S2-B9,4MSR5089-07-32
A8-S2-B9,4MSR5102-06-38
A8-S2-B9,4MSR5102-02-38
A8-S4-B4,4MSR5089-07-32
A8-S4-B4,4MSR5081-04-38
A8-S4-B4,4MSR5081-01-34
A8-S4-B4,4MSR5162-01-30
A8-S4-B4,4MSR5081-01-34
A8-S4-B4,4MSR5162-01-30
A8-S4-B4,4MSR5102-06-38
A8-S4-B4,4MSR5081-04-38
A8-S4-B4,4MSS2625-01-XL
A8-S4-B4,4MSS2625-03-S
A8-S4-B4,4MSS2625-03-S
A8-S4-B4,4MSS2625-01-XL
A8-S5-B4,4MST2450-02-XL
A8-S5-B4,4MST2275-05-XL
A8-S5-B4,4MST2275-05-XL
A8-S5-B4,4MST2331-02-XXL
A8-S5-B4,4MST2331-02-L
A8-S5-B4,4MST2531-01-XL
A8-S5-B4,4MST2531-01-XL
A8-S5-B4,4MST2707-08-S
A8-S5-B4,4MST2707-08-XS
A8-S5-B4,4MST2673-02-L
A8-S5-B4,4MST2673-02-L
A8-S5-B4,4MST2571-05-XS
A8-S5-B5,4MSS2335-03-XXL
A8-S5-B5,4MSS3468-03-M
A8-S5-B5,4MSS2335-03-XXL
A8-S5-B5,4MSS3468-03-M
A8-S5-B5,4MSS1835-03-XL
A8-S5-B5,4MSS3468-03-L
A8-S5-B5,4MSS2469-03-XL
A8-S5-B5,4MST2021-11-XL
A8-S5-B5,4MST2275-05-M
A8-S5-B5,4MST2275-05-M
A8-S5-B6,4MSS1221-03-XXL
A8-S5-B6,4MSS1221-03-XXL
A8-S5-B6,4MST2228-01-XL
A8-S5-B6,4MST2228-01-L
A8-S5-B6,4MST2673-02-XS
A8-S5-B6,4MST2673-02-XS
A8-S5-B6,4MST2450-02-XL
A8-S5-B6,4MST2331-02-XXL
A8-S5-B6,4MST2331-02-L
A8-S5-B6,4MST2707-08-S
A8-S5-B6,4MST2036-01-XL
A8-S5-B6,4MST2036-01-XL
A8-S5-B6,4MST2571-05-XS
A5-S5-B1,4MTP0019-04-36
A5-S5-B1,4MTP0045-04-32
A5-S5-B1,4MTP0045-04-32
A5-S5-B1,4MTP0045-04-34
A5-S5-B1,4MTP0045-04-34
A5-S5-B1,4MTP0045-01-30
A5-S5-B1,4MTP0045-01-30
A5-S5-B1,4MSR5290-01-28
A5-S5-B1,4MSR5081-04-36
A5-S5-B1,4MSR5195-03-32
A5-S5-B1,4MSR5081-02-32
A5-S5-B2,4MSO4516-01-32
A5-S5-B2,4MSO4516-01-32
A5-S5-B2,4MSO4564-04-30
A5-S5-B2,4MSO4566-04-36
A5-S5-B2,4MSO4665-02-28
A5-S5-B2,4MSO4566-04-36
A5-S5-B2,4MSO4535-02-28
A5-S5-B2,4MSO4566-04-34
A5-S5-B2,4MSO4535-02-28
A5-S5-B2,4MSO4566-04-34
A5-S5-B2,4MSR5089-07-30
A5-S5-B2,4MSR5089-07-30
A5-S5-B2,4MSR5013-03-38
A5-S5-B3,4MSR5102-06-36
A5-S5-B3,4MSR5102-06-36
A5-S5-B3,4MSR5195-03-34
A5-S5-B3,4MSR5290-01-38
A5-S5-B3,4MSR5081-02-32
A5-S5-B3,4MSR5081-01-32
A5-S5-B3,4MSR5013-03-38
A5-S5-B3,4MSO4665-02-28
A5-S5-B3,4MSR5290-01-28
A5-S5-B3,4MSR5290-01-38
A5-S5-B3,4MSR5081-01-32
A5-S4-S3,4MSO4516-01-34
A5-S4-S3,4MSO4516-01-34
A5-S4-S3,4MSR5102-01-38
A5-S4-S3,4MSR5102-01-38
A5-S4-S3,4MSR5195-03-34
A5-S4-S3,4MSR5195-03-32
A5-S4-S3,4MSO4564-04-30
A5-S4-S3,4MSO4564-04-32
A5-S4-S3,4MSO4564-04-32
,4MSO4516-01-30